Environment              	  Seed       Control  Tau    Error Q_bias    Episode  Reward  Gain   Feedback
Pendulum-v0                   082199316  kalman   0.5    0     0.2       1        -875    2.6186 0.2350
Pendulum-v0                   082199316  kalman   0.5    0     0.2       2        -1109   2.6984 0.2600
Pendulum-v0                   082199316  kalman   0.5    0     0.2       3        -897    2.9815 0.2600
Pendulum-v0                   082199316  kalman   0.5    0     0.2       4        -1410   2.9610 0.2250
Pendulum-v0                   082199316  kalman   0.5    0     0.2       5        -1611   2.8160 0.1750
Pendulum-v0                   082199316  kalman   0.5    0     0.2       6        -1598   2.5543 0.1550
Pendulum-v0                   082199316  kalman   0.5    0     0.2       7        -1551   2.5090 0.2300
Pendulum-v0                   082199316  kalman   0.5    0     0.2       8        -1505   2.4455 0.2500
Pendulum-v0                   082199316  kalman   0.5    0     0.2       9        -1526   2.1833 0.2200
Pendulum-v0                   082199316  kalman   0.5    0     0.2       10       -1693   2.0881 0.2000
Pendulum-v0                   082199316  kalman   0.5    0     0.2       11       -1606   1.8893 0.2100
Pendulum-v0                   082199316  kalman   0.5    0     0.2       12       -1276   1.6990 0.1550
Pendulum-v0                   082199316  kalman   0.5    0     0.2       13       -1512   1.6039 0.1850
Pendulum-v0                   082199316  kalman   0.5    0     0.2       14       -1413   1.3962 0.1200
Pendulum-v0                   082199316  kalman   0.5    0     0.2       15       -1117   1.3106 0.1000
Pendulum-v0                   082199316  kalman   0.5    0     0.2       16       -1191   1.3214 0.1550
Pendulum-v0                   082199316  kalman   0.5    0     0.2       17       -641    2.0840 0.2050
Pendulum-v0                   082199316  kalman   0.5    0     0.2       18       -664    2.0522 0.1400
Pendulum-v0                   082199316  kalman   0.5    0     0.2       19       -752    2.0471 0.0950
Pendulum-v0                   082199316  kalman   0.5    0     0.2       20       -515    2.2142 0.1050
Pendulum-v0                   082199316  kalman   0.5    0     0.2       21       -415    2.4339 0.1800
Pendulum-v0                   082199316  kalman   0.5    0     0.2       22       -612    2.2203 0.1700
Pendulum-v0                   082199316  kalman   0.5    0     0.2       23       -129    2.7872 0.1900
Pendulum-v0                   082199316  kalman   0.5    0     0.2       24       -268    2.6212 0.1100
Pendulum-v0                   082199316  kalman   0.5    0     0.2       25       -1284   1.1613 0.0950
Pendulum-v0                   082199316  kalman   0.5    0     0.2       26       -906    1.4858 0.0900
Pendulum-v0                   082199316  kalman   0.5    0     0.2       27       -510    1.8220 0.0450
Pendulum-v0                   082199316  kalman   0.5    0     0.2       28       -976    1.4285 0.0700
Pendulum-v0                   082199316  kalman   0.5    0     0.2       29       -138    2.8232 0.1300
Pendulum-v0                   082199316  kalman   0.5    0     0.2       30       -136    2.7786 0.0900
Pendulum-v0                   082199316  kalman   0.5    0     0.2       31       -134    2.4746 0.0750
Pendulum-v0                   082199316  kalman   0.5    0     0.2       32       -288    2.3362 0.1100
Pendulum-v0                   082199316  kalman   0.5    0     0.2       33       -255    2.4844 0.0900
Pendulum-v0                   082199316  kalman   0.5    0     0.2       34       -129    2.6618 0.1050
Pendulum-v0                   082199316  kalman   0.5    0     0.2       35       -2      2.9225 0.1350
Pendulum-v0                   082199316  kalman   0.5    0     0.2       36       0       2.9632 0.0550
Pendulum-v0                   082199316  kalman   0.5    0     0.2       37       -123    2.7666 0.0300
Pendulum-v0                   082199316  kalman   0.5    0     0.2       38       -3      2.8922 0.0150
Pendulum-v0                   082199316  kalman   0.5    0     0.2       39       -243    2.6292 0.1000
Pendulum-v0                   082199316  kalman   0.5    0     0.2       40       -126    2.7951 0.1450
Pendulum-v0                   082199316  kalman   0.5    0     0.2       41       -246    2.3909 0.1500
Pendulum-v0                   082199316  kalman   0.5    0     0.2       42       -246    2.6072 0.0350
Pendulum-v0                   082199316  kalman   0.5    0     0.2       43       -244    2.6839 0.0950
Pendulum-v0                   082199316  kalman   0.5    0     0.2       44       -116    2.8497 0.0850
Pendulum-v0                   082199316  kalman   0.5    0     0.2       45       -356    2.5240 0.0600
Pendulum-v0                   082199316  kalman   0.5    0     0.2       46       -247    2.5802 0.0750
Pendulum-v0                   082199316  kalman   0.5    0     0.2       47       -366    2.4265 0.1100
Pendulum-v0                   082199316  kalman   0.5    0     0.2       48       -1      2.8610 0.0950
Pendulum-v0                   082199316  kalman   0.5    0     0.2       49       -252    2.2506 0.1350
Pendulum-v0                   082199316  kalman   0.5    0     0.2       50       -128    2.7814 0.0800
Pendulum-v0                   082199316  kalman   0.5    0     0.2       51       -2      2.7046 0.1350
Pendulum-v0                   082199316  kalman   0.5    0     0.2       52       -348    2.5278 0.0700
Pendulum-v0                   082199316  kalman   0.5    0     0.2       53       -253    2.4464 0.0900
Pendulum-v0                   082199316  kalman   0.5    0     0.2       54       -5      2.4783 0.0900
Pendulum-v0                   082199316  kalman   0.5    0     0.2       55       -120    2.6647 0.1000
Pendulum-v0                   082199316  kalman   0.5    0     0.2       56       -363    2.3696 0.0500
Pendulum-v0                   082199316  kalman   0.5    0     0.2       57       -124    2.5950 0.1100
Pendulum-v0                   082199316  kalman   0.5    0     0.2       58       -116    2.6148 0.0500
Pendulum-v0                   082199316  kalman   0.5    0     0.2       59       -125    2.5912 0.1050
Pendulum-v0                   082199316  kalman   0.5    0     0.2       60       -240    2.4612 0.0950
Pendulum-v0                   082199316  kalman   0.5    0     0.2       61       -122    2.6831 0.0500
Pendulum-v0                   082199316  kalman   0.5    0     0.2       62       0       2.7748 0.0600
Pendulum-v0                   082199316  kalman   0.5    0     0.2       63       -122    2.6934 0.0400
Pendulum-v0                   082199316  kalman   0.5    0     0.2       64       -122    2.7696 0.0850
Pendulum-v0                   082199316  kalman   0.5    0     0.2       65       -118    2.6944 0.1150
Pendulum-v0                   082199316  kalman   0.5    0     0.2       66       -123    2.8170 0.0850
Pendulum-v0                   082199316  kalman   0.5    0     0.2       67       -341    2.5823 0.0750
Pendulum-v0                   082199316  kalman   0.5    0     0.2       68       -1      2.8100 0.0950
Pendulum-v0                   082199316  kalman   0.5    0     0.2       69       -125    2.8402 0.0450
Pendulum-v0                   082199316  kalman   0.5    0     0.2       70       -117    2.8308 0.0500
Pendulum-v0                   082199316  kalman   0.5    0     0.2       71       -124    2.8587 0.0250
Pendulum-v0                   082199316  kalman   0.5    0     0.2       72       -125    2.7805 0.0550
Pendulum-v0                   082199316  kalman   0.5    0     0.2       73       -126    2.7975 0.0300
Pendulum-v0                   082199316  kalman   0.5    0     0.2       74       -1      2.9607 0.0250
Pendulum-v0                   082199316  kalman   0.5    0     0.2       75       -119    2.8163 0.0750
Pendulum-v0                   082199316  kalman   0.5    0     0.2       76       -1      2.8848 0.0750
Pendulum-v0                   082199316  kalman   0.5    0     0.2       77       -346    2.5221 0.0550
Pendulum-v0                   082199316  kalman   0.5    0     0.2       78       -242    2.7291 0.0650
Pendulum-v0                   082199316  kalman   0.5    0     0.2       79       -119    2.8737 0.0700
Pendulum-v0                   082199316  kalman   0.5    0     0.2       80       -245    2.5690 0.0200
Pendulum-v0                   082199316  kalman   0.5    0     0.2       81       -119    2.9088 0.0500
Pendulum-v0                   082199316  kalman   0.5    0     0.2       82       -124    2.8006 0.0400
Pendulum-v0                   082199316  kalman   0.5    0     0.2       83       -118    2.8606 0.0400
Pendulum-v0                   082199316  kalman   0.5    0     0.2       84       -120    2.8461 0.0850
Pendulum-v0                   082199316  kalman   0.5    0     0.2       85       -358    2.5721 0.0450
Pendulum-v0                   082199316  kalman   0.5    0     0.2       86       -120    2.8456 0.0650
Pendulum-v0                   082199316  kalman   0.5    0     0.2       87       -118    2.8929 0.0300
Pendulum-v0                   082199316  kalman   0.5    0     0.2       88       -2      2.9087 0.0150
Pendulum-v0                   082199316  kalman   0.5    0     0.2       89       -371    2.4411 0.0400
Pendulum-v0                   082199316  kalman   0.5    0     0.2       90       -123    2.9090 0.0250
Pendulum-v0                   082199316  kalman   0.5    0     0.2       91       -121    2.9147 0.0100
Pendulum-v0                   082199316  kalman   0.5    0     0.2       92       -297    2.7502 0.0250
Pendulum-v0                   082199316  kalman   0.5    0     0.2       93       -121    2.9041 0.0200
Pendulum-v0                   082199316  kalman   0.5    0     0.2       94       -114    2.8883 0.0150
Pendulum-v0                   082199316  kalman   0.5    0     0.2       95       -2      2.9730 0.0200
Pendulum-v0                   082199316  kalman   0.5    0     0.2       96       -3      2.9780 0.0100
Pendulum-v0                   082199316  kalman   0.5    0     0.2       97       -121    2.9128 0.0050
Pendulum-v0                   082199316  kalman   0.5    0     0.2       98       -242    2.7407 0.0100
Pendulum-v0                   185611103  kalman   0.5    0     0.2       0        -623    2.3733 0.2450
Pendulum-v0                   185611103  kalman   0.5    0     0.2       1        -732    1.9847 0.2300
Pendulum-v0                   185611103  kalman   0.5    0     0.2       2        -1385   2.7523 0.2600
Pendulum-v0                   185611103  kalman   0.5    0     0.2       3        -1725   2.9611 0.2550
Pendulum-v0                   185611103  kalman   0.5    0     0.2       4        -1398   2.9857 0.2000
Pendulum-v0                   185611103  kalman   0.5    0     0.2       5        -1524   2.9204 0.1400
Pendulum-v0                   185611103  kalman   0.5    0     0.2       6        -1505   2.2581 0.1650
Pendulum-v0                   185611103  kalman   0.5    0     0.2       7        -1382   1.8679 0.1600
Pendulum-v0                   185611103  kalman   0.5    0     0.2       8        -1309   1.7867 0.1450
Pendulum-v0                   185611103  kalman   0.5    0     0.2       9        -1517   1.5074 0.2250
Pendulum-v0                   185611103  kalman   0.5    0     0.2       10       -1496   1.5199 0.1750
Pendulum-v0                   185611103  kalman   0.5    0     0.2       11       -1413   1.4321 0.1500
Pendulum-v0                   185611103  kalman   0.5    0     0.2       12       -1274   1.3996 0.1100
Pendulum-v0                   185611103  kalman   0.5    0     0.2       13       -1361   1.6205 0.1250
Pendulum-v0                   185611103  kalman   0.5    0     0.2       14       -903    1.6347 0.1000
Pendulum-v0                   185611103  kalman   0.5    0     0.2       15       -954    1.6679 0.1650
Pendulum-v0                   185611103  kalman   0.5    0     0.2       16       -1117   1.7239 0.1050
Pendulum-v0                   185611103  kalman   0.5    0     0.2       17       -1246   2.2157 0.1300
Pendulum-v0                   185611103  kalman   0.5    0     0.2       18       -1195   2.1005 0.1900
Pendulum-v0                   185611103  kalman   0.5    0     0.2       19       -428    2.4417 0.1250
Pendulum-v0                   185611103  kalman   0.5    0     0.2       20       -1367   1.8728 0.1150
Pendulum-v0                   185611103  kalman   0.5    0     0.2       21       -1095   1.6082 0.1550
Pendulum-v0                   185611103  kalman   0.5    0     0.2       22       -1177   1.5604 0.1350
Pendulum-v0                   185611103  kalman   0.5    0     0.2       23       -1265   1.6006 0.1400
Pendulum-v0                   185611103  kalman   0.5    0     0.2       24       -1121   1.4600 0.1150
Pendulum-v0                   185611103  kalman   0.5    0     0.2       25       -1403   1.4879 0.1500
Pendulum-v0                   185611103  kalman   0.5    0     0.2       26       -1257   1.4575 0.1550
Pendulum-v0                   185611103  kalman   0.5    0     0.2       27       -1336   1.4050 0.1200
Pendulum-v0                   185611103  kalman   0.5    0     0.2       28       -1221   1.3696 0.1100
Pendulum-v0                   185611103  kalman   0.5    0     0.2       29       -1092   1.4983 0.1150
Pendulum-v0                   185611103  kalman   0.5    0     0.2       30       -269    2.1991 0.0400
Pendulum-v0                   185611103  kalman   0.5    0     0.2       31       -1091   1.2819 0.0600
Pendulum-v0                   185611103  kalman   0.5    0     0.2       32       -988    1.3522 0.0950
Pendulum-v0                   185611103  kalman   0.5    0     0.2       33       -513    1.6914 0.0800
Pendulum-v0                   185611103  kalman   0.5    0     0.2       34       -893    1.6221 0.0750
Pendulum-v0                   185611103  kalman   0.5    0     0.2       35       -379    2.2407 0.1200
Pendulum-v0                   185611103  kalman   0.5    0     0.2       36       -428    2.3215 0.1200
Pendulum-v0                   185611103  kalman   0.5    0     0.2       37       -125    2.6696 0.1550
Pendulum-v0                   185611103  kalman   0.5    0     0.2       38       -389    2.4461 0.0700
Pendulum-v0                   185611103  kalman   0.5    0     0.2       39       -250    2.5942 0.1350
Pendulum-v0                   185611103  kalman   0.5    0     0.2       40       -412    2.5442 0.1050
Pendulum-v0                   185611103  kalman   0.5    0     0.2       41       -249    2.5297 0.0700
Pendulum-v0                   185611103  kalman   0.5    0     0.2       42       -363    2.4554 0.1500
Pendulum-v0                   185611103  kalman   0.5    0     0.2       43       -664    1.8723 0.0750
Pendulum-v0                   185611103  kalman   0.5    0     0.2       44       -618    2.1165 0.0850
Pendulum-v0                   185611103  kalman   0.5    0     0.2       45       -364    2.4808 0.1000
Pendulum-v0                   185611103  kalman   0.5    0     0.2       46       -127    2.8102 0.0800
Pendulum-v0                   185611103  kalman   0.5    0     0.2       47       -247    2.6574 0.0300
Pendulum-v0                   185611103  kalman   0.5    0     0.2       48       -349    2.6915 0.0150
Pendulum-v0                   185611103  kalman   0.5    0     0.2       49       -121    2.8406 0.0350
Pendulum-v0                   185611103  kalman   0.5    0     0.2       50       -123    2.8535 0.0350
Pendulum-v0                   185611103  kalman   0.5    0     0.2       51       -237    2.6384 0.0500
Pendulum-v0                   185611103  kalman   0.5    0     0.2       52       -260    2.7318 0.0200
Pendulum-v0                   185611103  kalman   0.5    0     0.2       53       -1      2.7605 0.0750
Pendulum-v0                   185611103  kalman   0.5    0     0.2       54       -116    2.9308 0.0400
Pendulum-v0                   185611103  kalman   0.5    0     0.2       55       -257    2.5533 0.0550
Pendulum-v0                   185611103  kalman   0.5    0     0.2       56       -396    2.4111 0.0300
Pendulum-v0                   185611103  kalman   0.5    0     0.2       57       -247    2.5602 0.0850
Pendulum-v0                   185611103  kalman   0.5    0     0.2       58       -358    2.6713 0.0650
Pendulum-v0                   185611103  kalman   0.5    0     0.2       59       -133    2.1925 0.0300
Pendulum-v0                   185611103  kalman   0.5    0     0.2       60       -756    1.6726 0.0500
Pendulum-v0                   185611103  kalman   0.5    0     0.2       61       -879    1.6433 0.0800
Pendulum-v0                   185611103  kalman   0.5    0     0.2       62       -751    1.5709 0.0450
Pendulum-v0                   185611103  kalman   0.5    0     0.2       63       -621    1.8499 0.0600
Pendulum-v0                   185611103  kalman   0.5    0     0.2       64       -243    2.7168 0.0650
Pendulum-v0                   185611103  kalman   0.5    0     0.2       65       -122    2.9230 0.0150
Pendulum-v0                   185611103  kalman   0.5    0     0.2       66       -340    2.6400 0.0200
Pendulum-v0                   185611103  kalman   0.5    0     0.2       67       -116    2.9317 0.0100
Pendulum-v0                   185611103  kalman   0.5    0     0.2       68       -122    2.7700 0.0550
Pendulum-v0                   185611103  kalman   0.5    0     0.2       69       -124    2.9513 0.0150
Pendulum-v0                   185611103  kalman   0.5    0     0.2       70       -128    2.9027 0.0000
Pendulum-v0                   185611103  kalman   0.5    0     0.2       71       -124    2.9058 0.0100
Pendulum-v0                   185611103  kalman   0.5    0     0.2       72       -243    2.6690 0.0350
Pendulum-v0                   185611103  kalman   0.5    0     0.2       73       -116    2.8101 0.0200
Pendulum-v0                   185611103  kalman   0.5    0     0.2       74       -123    2.9285 0.0050
Pendulum-v0                   185611103  kalman   0.5    0     0.2       75       0       2.9490 0.0700
Pendulum-v0                   185611103  kalman   0.5    0     0.2       76       -125    2.8263 0.0300
Pendulum-v0                   185611103  kalman   0.5    0     0.2       77       -2      2.8624 0.0150
Pendulum-v0                   185611103  kalman   0.5    0     0.2       78       -254    2.6450 0.0100
Pendulum-v0                   185611103  kalman   0.5    0     0.2       79       -127    2.8610 0.0450
Pendulum-v0                   185611103  kalman   0.5    0     0.2       80       -235    2.7885 0.0400
Pendulum-v0                   185611103  kalman   0.5    0     0.2       81       -246    2.7669 0.0150
Pendulum-v0                   185611103  kalman   0.5    0     0.2       82       -242    2.8293 0.0000
Pendulum-v0                   185611103  kalman   0.5    0     0.2       83       -126    2.8443 0.0400
Pendulum-v0                   185611103  kalman   0.5    0     0.2       84       -118    2.9343 0.0200
Pendulum-v0                   185611103  kalman   0.5    0     0.2       85       -122    2.9599 0.0150
Pendulum-v0                   185611103  kalman   0.5    0     0.2       86       -238    2.8214 0.0100
Pendulum-v0                   185611103  kalman   0.5    0     0.2       87       -126    2.9041 0.0150
Pendulum-v0                   185611103  kalman   0.5    0     0.2       88       -246    2.7692 0.0200
Pendulum-v0                   185611103  kalman   0.5    0     0.2       89       -128    2.9135 0.0200
Pendulum-v0                   185611103  kalman   0.5    0     0.2       90       -252    2.7892 0.0050
Pendulum-v0                   185611103  kalman   0.5    0     0.2       91       0       2.9130 0.0300
Pendulum-v0                   185611103  kalman   0.5    0     0.2       92       -241    2.7658 0.0100
Pendulum-v0                   185611103  kalman   0.5    0     0.2       93       -120    2.9011 0.0100
Pendulum-v0                   185611103  kalman   0.5    0     0.2       94       0       2.8975 0.0100
Pendulum-v0                   185611103  kalman   0.5    0     0.2       95       -123    2.6843 0.0000
Pendulum-v0                   185611103  kalman   0.5    0     0.2       96       -121    2.8962 0.0200
Pendulum-v0                   185611103  kalman   0.5    0     0.2       97       -122    2.9493 0.0100
Pendulum-v0                   185611103  kalman   0.5    0     0.2       98       -247    2.6652 0.0000
Pendulum-v0                   341002883  kalman   0.5    0     0.2       0        -1023   2.5844 0.2950
Pendulum-v0                   341002883  kalman   0.5    0     0.2       1        -1177   2.9897 0.2850
Pendulum-v0                   341002883  kalman   0.5    0     0.2       2        -1267   2.9878 0.3200
Pendulum-v0                   341002883  kalman   0.5    0     0.2       3        -1084   2.9853 0.2350
Pendulum-v0                   341002883  kalman   0.5    0     0.2       4        -1623   2.9972 0.2200
Pendulum-v0                   341002883  kalman   0.5    0     0.2       5        -1569   2.9972 0.1950
Pendulum-v0                   341002883  kalman   0.5    0     0.2       6        -1177   2.9839 0.2300
Pendulum-v0                   341002883  kalman   0.5    0     0.2       7        -1366   2.9030 0.2400
Pendulum-v0                   341002883  kalman   0.5    0     0.2       8        -1362   2.6587 0.2350
Pendulum-v0                   341002883  kalman   0.5    0     0.2       9        -1559   2.4248 0.1300
Pendulum-v0                   341002883  kalman   0.5    0     0.2       10       -1611   1.7352 0.1950
Pendulum-v0                   341002883  kalman   0.5    0     0.2       11       -1476   1.7955 0.1500
Pendulum-v0                   341002883  kalman   0.5    0     0.2       12       -1000   1.6077 0.1550
Pendulum-v0                   341002883  kalman   0.5    0     0.2       13       -1160   1.2919 0.1200
Pendulum-v0                   341002883  kalman   0.5    0     0.2       14       -537    2.2339 0.1100
Pendulum-v0                   341002883  kalman   0.5    0     0.2       15       -951    1.3360 0.1300
Pendulum-v0                   341002883  kalman   0.5    0     0.2       16       -926    1.3980 0.0800
Pendulum-v0                   341002883  kalman   0.5    0     0.2       17       -1330   1.2505 0.0600
Pendulum-v0                   341002883  kalman   0.5    0     0.2       18       -780    1.6246 0.0950
Pendulum-v0                   341002883  kalman   0.5    0     0.2       19       -1016   1.3561 0.0750
Pendulum-v0                   341002883  kalman   0.5    0     0.2       20       -657    1.6811 0.0900
Pendulum-v0                   341002883  kalman   0.5    0     0.2       21       -392    2.1574 0.0650
Pendulum-v0                   341002883  kalman   0.5    0     0.2       22       -513    2.0554 0.0500
Pendulum-v0                   341002883  kalman   0.5    0     0.2       23       -399    2.1548 0.0750
Pendulum-v0                   341002883  kalman   0.5    0     0.2       24       -795    1.4108 0.0700
Pendulum-v0                   341002883  kalman   0.5    0     0.2       25       -639    1.6061 0.0350
Pendulum-v0                   341002883  kalman   0.5    0     0.2       26       -324    2.3154 0.0200
Pendulum-v0                   341002883  kalman   0.5    0     0.2       27       -578    1.9694 0.0500
Pendulum-v0                   341002883  kalman   0.5    0     0.2       28       -130    2.6296 0.0150
Pendulum-v0                   341002883  kalman   0.5    0     0.2       29       -130    2.7651 0.0250
Pendulum-v0                   341002883  kalman   0.5    0     0.2       30       -240    2.5467 0.0200
Pendulum-v0                   341002883  kalman   0.5    0     0.2       31       -131    2.3973 0.0250
Pendulum-v0                   341002883  kalman   0.5    0     0.2       32       -260    2.5965 0.0800
Pendulum-v0                   341002883  kalman   0.5    0     0.2       33       -124    2.6231 0.0550
Pendulum-v0                   341002883  kalman   0.5    0     0.2       34       -367    2.2630 0.0450
Pendulum-v0                   341002883  kalman   0.5    0     0.2       35       -254    2.2338 0.0150
Pendulum-v0                   341002883  kalman   0.5    0     0.2       36       -123    2.6331 0.0150
Pendulum-v0                   341002883  kalman   0.5    0     0.2       37       -122    2.7891 0.1750
Pendulum-v0                   341002883  kalman   0.5    0     0.2       38       -129    2.8145 0.1250
Pendulum-v0                   341002883  kalman   0.5    0     0.2       39       0       2.9593 0.0000
Pendulum-v0                   341002883  kalman   0.5    0     0.2       40       -120    2.7924 0.0650
Pendulum-v0                   341002883  kalman   0.5    0     0.2       41       -245    2.6929 0.0100
Pendulum-v0                   341002883  kalman   0.5    0     0.2       42       -357    2.5240 0.0950
Pendulum-v0                   341002883  kalman   0.5    0     0.2       43       -126    2.5731 0.0650
Pendulum-v0                   341002883  kalman   0.5    0     0.2       44       -356    2.4004 0.0750
Pendulum-v0                   341002883  kalman   0.5    0     0.2       45       -115    2.8931 0.0900
Pendulum-v0                   341002883  kalman   0.5    0     0.2       46       -119    2.8517 0.0300
Pendulum-v0                   341002883  kalman   0.5    0     0.2       47       -339    2.5531 0.0600
Pendulum-v0                   341002883  kalman   0.5    0     0.2       48       -223    2.5899 0.0050
Pendulum-v0                   341002883  kalman   0.5    0     0.2       49       0       2.9093 0.0050
Pendulum-v0                   341002883  kalman   0.5    0     0.2       50       0       2.8977 0.0000
Pendulum-v0                   341002883  kalman   0.5    0     0.2       51       -113    2.7855 0.0000
Pendulum-v0                   341002883  kalman   0.5    0     0.2       52       -231    2.7449 0.0100
Pendulum-v0                   341002883  kalman   0.5    0     0.2       53       -236    2.7079 0.0050
Pendulum-v0                   341002883  kalman   0.5    0     0.2       54       -234    2.7335 0.0000
Pendulum-v0                   341002883  kalman   0.5    0     0.2       55       -119    2.8744 0.0150
Pendulum-v0                   341002883  kalman   0.5    0     0.2       56       -115    2.7885 0.0100
Pendulum-v0                   341002883  kalman   0.5    0     0.2       57       -121    2.7341 0.0100
Pendulum-v0                   341002883  kalman   0.5    0     0.2       58       -119    2.5867 0.0000
Pendulum-v0                   341002883  kalman   0.5    0     0.2       59       -124    2.6982 0.0150
Pendulum-v0                   341002883  kalman   0.5    0     0.2       60       -246    2.5951 0.0000
Pendulum-v0                   341002883  kalman   0.5    0     0.2       61       -243    2.5087 0.0100
Pendulum-v0                   341002883  kalman   0.5    0     0.2       62       -244    2.5683 0.0050
Pendulum-v0                   341002883  kalman   0.5    0     0.2       63       -118    2.8552 0.0100
Pendulum-v0                   341002883  kalman   0.5    0     0.2       64       -124    2.8793 0.0050
Pendulum-v0                   341002883  kalman   0.5    0     0.2       65       -128    2.7181 0.0100
Pendulum-v0                   341002883  kalman   0.5    0     0.2       66       -1      2.7622 0.0150
Pendulum-v0                   341002883  kalman   0.5    0     0.2       67       -332    2.5737 0.0150
Pendulum-v0                   341002883  kalman   0.5    0     0.2       68       -123    2.5053 0.0750
Pendulum-v0                   341002883  kalman   0.5    0     0.2       69       -241    2.5891 0.0200
Pendulum-v0                   341002883  kalman   0.5    0     0.2       70       0       2.8599 0.0550
Pendulum-v0                   341002883  kalman   0.5    0     0.2       71       -127    2.6494 0.0250
Pendulum-v0                   341002883  kalman   0.5    0     0.2       72       -242    2.6083 0.0450
Pendulum-v0                   341002883  kalman   0.5    0     0.2       73       -129    2.7377 0.0600
Pendulum-v0                   341002883  kalman   0.5    0     0.2       74       -128    2.7139 0.0450
Pendulum-v0                   341002883  kalman   0.5    0     0.2       75       -127    2.6730 0.0550
Pendulum-v0                   341002883  kalman   0.5    0     0.2       76       -125    2.7216 0.0500
Pendulum-v0                   341002883  kalman   0.5    0     0.2       77       -118    2.5319 0.0200
Pendulum-v0                   341002883  kalman   0.5    0     0.2       78       -363    2.2308 0.0200
Pendulum-v0                   341002883  kalman   0.5    0     0.2       79       -120    2.6260 0.0250
Pendulum-v0                   341002883  kalman   0.5    0     0.2       80       -249    2.4180 0.0300
Pendulum-v0                   341002883  kalman   0.5    0     0.2       81       -119    2.7480 0.0300
Pendulum-v0                   341002883  kalman   0.5    0     0.2       82       -492    2.3051 0.0150
Pendulum-v0                   341002883  kalman   0.5    0     0.2       83       -504    2.1442 0.0200
Pendulum-v0                   341002883  kalman   0.5    0     0.2       84       -122    2.7175 0.0350
Pendulum-v0                   341002883  kalman   0.5    0     0.2       85       -123    2.6697 0.0350
Pendulum-v0                   341002883  kalman   0.5    0     0.2       86       -114    2.3223 0.0150
Pendulum-v0                   341002883  kalman   0.5    0     0.2       87       -1      2.4053 0.0250
Pendulum-v0                   341002883  kalman   0.5    0     0.2       88       -248    2.5517 0.0050
Pendulum-v0                   341002883  kalman   0.5    0     0.2       89       -124    2.6172 0.0100
Pendulum-v0                   341002883  kalman   0.5    0     0.2       90       -124    2.8555 0.0000
Pendulum-v0                   341002883  kalman   0.5    0     0.2       91       -128    2.7216 0.0000
Pendulum-v0                   341002883  kalman   0.5    0     0.2       92       -239    2.5901 0.0000
Pendulum-v0                   341002883  kalman   0.5    0     0.2       93       -900    1.5947 0.0000
Pendulum-v0                   341002883  kalman   0.5    0     0.2       94       -898    1.5416 0.0000
Pendulum-v0                   341002883  kalman   0.5    0     0.2       95       -741    1.9687 0.0000
Pendulum-v0                   341002883  kalman   0.5    0     0.2       96       -753    1.8642 0.0050
Pendulum-v0                   341002883  kalman   0.5    0     0.2       97       -878    1.9556 0.0000
Pendulum-v0                   341002883  kalman   0.5    0     0.2       98       -123    2.4026 0.0000
Pendulum-v0                   800613187  kalman   0.5    0     0.2       0        -1106   2.5857 0.2750
Pendulum-v0                   800613187  kalman   0.5    0     0.2       1        -1174   2.9350 0.1400
Pendulum-v0                   800613187  kalman   0.5    0     0.2       2        -1030   2.9793 0.2450
Pendulum-v0                   800613187  kalman   0.5    0     0.2       3        -1401   2.9918 0.2450
Pendulum-v0                   800613187  kalman   0.5    0     0.2       4        -1424   2.9823 0.2200
Pendulum-v0                   800613187  kalman   0.5    0     0.2       5        -1633   2.9638 0.2100
Pendulum-v0                   800613187  kalman   0.5    0     0.2       6        -1397   2.9134 0.2200
Pendulum-v0                   800613187  kalman   0.5    0     0.2       7        -1356   2.7828 0.2150
Pendulum-v0                   800613187  kalman   0.5    0     0.2       8        -1078   2.5750 0.2150
Pendulum-v0                   800613187  kalman   0.5    0     0.2       9        -1069   2.4018 0.1750
Pendulum-v0                   800613187  kalman   0.5    0     0.2       10       -1520   2.5088 0.1400
Pendulum-v0                   800613187  kalman   0.5    0     0.2       11       -1264   1.9359 0.1450
Pendulum-v0                   800613187  kalman   0.5    0     0.2       12       -637    2.2093 0.1350
Pendulum-v0                   800613187  kalman   0.5    0     0.2       13       -593    2.1326 0.1450
Pendulum-v0                   800613187  kalman   0.5    0     0.2       14       -1585   2.1956 0.2150
Pendulum-v0                   800613187  kalman   0.5    0     0.2       15       -504    2.2261 0.1750
Pendulum-v0                   800613187  kalman   0.5    0     0.2       16       -1556   2.0077 0.1300
Pendulum-v0                   800613187  kalman   0.5    0     0.2       17       -1359   1.5000 0.1750
Pendulum-v0                   800613187  kalman   0.5    0     0.2       18       -1189   1.6399 0.1900
Pendulum-v0                   800613187  kalman   0.5    0     0.2       19       -670    1.8233 0.1250
Pendulum-v0                   800613187  kalman   0.5    0     0.2       20       -569    2.2286 0.1150
Pendulum-v0                   800613187  kalman   0.5    0     0.2       21       -944    1.6070 0.1050
Pendulum-v0                   800613187  kalman   0.5    0     0.2       22       -2      2.8701 0.1100
Pendulum-v0                   800613187  kalman   0.5    0     0.2       23       -1370   1.7779 0.1600
Pendulum-v0                   800613187  kalman   0.5    0     0.2       24       -1351   1.7496 0.1200
Pendulum-v0                   800613187  kalman   0.5    0     0.2       25       -1245   1.7438 0.1450
Pendulum-v0                   800613187  kalman   0.5    0     0.2       26       -975    1.6744 0.0900
Pendulum-v0                   800613187  kalman   0.5    0     0.2       27       -1011   1.7034 0.0900
Pendulum-v0                   800613187  kalman   0.5    0     0.2       28       -142    2.4864 0.0050
Pendulum-v0                   800613187  kalman   0.5    0     0.2       29       -507    2.2548 0.0850
Pendulum-v0                   800613187  kalman   0.5    0     0.2       30       -755    2.0591 0.0750
Pendulum-v0                   800613187  kalman   0.5    0     0.2       31       -628    2.1652 0.0800
Pendulum-v0                   800613187  kalman   0.5    0     0.2       32       -259    2.4565 0.0150
Pendulum-v0                   800613187  kalman   0.5    0     0.2       33       -257    2.6018 0.0350
Pendulum-v0                   800613187  kalman   0.5    0     0.2       34       -513    2.1264 0.0700
Pendulum-v0                   800613187  kalman   0.5    0     0.2       35       -119    2.5918 0.0000
Pendulum-v0                   800613187  kalman   0.5    0     0.2       36       -121    2.8308 0.0150
Pendulum-v0                   800613187  kalman   0.5    0     0.2       37       -270    2.3619 0.0150
Pendulum-v0                   800613187  kalman   0.5    0     0.2       38       -131    2.3125 0.0050
Pendulum-v0                   800613187  kalman   0.5    0     0.2       39       -126    2.1983 0.0000
Pendulum-v0                   800613187  kalman   0.5    0     0.2       40       -385    2.2522 0.0200
Pendulum-v0                   800613187  kalman   0.5    0     0.2       41       -502    1.9651 0.0450
Pendulum-v0                   800613187  kalman   0.5    0     0.2       42       -502    2.0764 0.0550
Pendulum-v0                   800613187  kalman   0.5    0     0.2       43       -244    2.2014 0.0100
Pendulum-v0                   800613187  kalman   0.5    0     0.2       44       -123    2.0399 0.0000
Pendulum-v0                   800613187  kalman   0.5    0     0.2       45       -119    2.2755 0.0050
Pendulum-v0                   800613187  kalman   0.5    0     0.2       46       -117    2.6621 0.0200
Pendulum-v0                   800613187  kalman   0.5    0     0.2       47       -252    2.5309 0.0350
Pendulum-v0                   800613187  kalman   0.5    0     0.2       48       -115    2.5522 0.0000
Pendulum-v0                   800613187  kalman   0.5    0     0.2       49       -381    2.2448 0.0100
Pendulum-v0                   800613187  kalman   0.5    0     0.2       50       -128    2.5697 0.0100
Pendulum-v0                   800613187  kalman   0.5    0     0.2       51       -5      2.4244 0.0000
Pendulum-v0                   800613187  kalman   0.5    0     0.2       52       -236    2.4396 0.0150
Pendulum-v0                   800613187  kalman   0.5    0     0.2       53       -117    2.5080 0.0100
Pendulum-v0                   800613187  kalman   0.5    0     0.2       54       -1      2.6537 0.0000
Pendulum-v0                   800613187  kalman   0.5    0     0.2       55       -610    2.0000 0.0450
Pendulum-v0                   800613187  kalman   0.5    0     0.2       56       -625    2.0332 0.0550
Pendulum-v0                   800613187  kalman   0.5    0     0.2       57       -630    1.9055 0.0200
Pendulum-v0                   800613187  kalman   0.5    0     0.2       58       -509    1.8667 0.0400
Pendulum-v0                   800613187  kalman   0.5    0     0.2       59       -508    1.7788 0.0200
Pendulum-v0                   800613187  kalman   0.5    0     0.2       60       -376    2.1988 0.0150
Pendulum-v0                   800613187  kalman   0.5    0     0.2       61       -642    1.9149 0.0200
Pendulum-v0                   800613187  kalman   0.5    0     0.2       62       -258    2.1332 0.0350
Pendulum-v0                   800613187  kalman   0.5    0     0.2       63       -2      2.8409 0.0000
Pendulum-v0                   800613187  kalman   0.5    0     0.2       64       -372    2.3408 0.0050
Pendulum-v0                   800613187  kalman   0.5    0     0.2       65       -129    2.5838 0.0300
Pendulum-v0                   800613187  kalman   0.5    0     0.2       66       -257    2.2582 0.0050
Pendulum-v0                   800613187  kalman   0.5    0     0.2       67       -382    1.9949 0.0150
Pendulum-v0                   800613187  kalman   0.5    0     0.2       68       -375    2.1148 0.0000
Pendulum-v0                   800613187  kalman   0.5    0     0.2       69       -123    2.7534 0.0000
Pendulum-v0                   800613187  kalman   0.5    0     0.2       70       -127    2.8406 0.0000
Pendulum-v0                   800613187  kalman   0.5    0     0.2       71       -236    2.5150 0.0050
Pendulum-v0                   800613187  kalman   0.5    0     0.2       72       -320    2.6810 0.0200
Pendulum-v0                   800613187  kalman   0.5    0     0.2       73       -257    2.7283 0.0200
Pendulum-v0                   800613187  kalman   0.5    0     0.2       74       -255    2.7092 0.0100
Pendulum-v0                   800613187  kalman   0.5    0     0.2       75       -129    2.4996 0.0050
Pendulum-v0                   800613187  kalman   0.5    0     0.2       76       -217    2.3853 0.0150
Pendulum-v0                   800613187  kalman   0.5    0     0.2       77       -374    2.4092 0.0350
Pendulum-v0                   800613187  kalman   0.5    0     0.2       78       -267    2.6140 0.0000
Pendulum-v0                   800613187  kalman   0.5    0     0.2       79       -239    2.4497 0.0100
Pendulum-v0                   800613187  kalman   0.5    0     0.2       80       -272    2.5199 0.0000
Pendulum-v0                   800613187  kalman   0.5    0     0.2       81       -3      2.7177 0.0000
Pendulum-v0                   800613187  kalman   0.5    0     0.2       82       -124    2.8783 0.0000
Pendulum-v0                   800613187  kalman   0.5    0     0.2       83       -240    2.7836 0.0250
Pendulum-v0                   800613187  kalman   0.5    0     0.2       84       -127    2.7610 0.0350
Pendulum-v0                   800613187  kalman   0.5    0     0.2       85       -119    2.7092 0.0050
Pendulum-v0                   800613187  kalman   0.5    0     0.2       86       -121    2.7168 0.0050
Pendulum-v0                   800613187  kalman   0.5    0     0.2       87       -129    2.8213 0.0200
Pendulum-v0                   800613187  kalman   0.5    0     0.2       88       -124    2.8628 0.0300
Pendulum-v0                   800613187  kalman   0.5    0     0.2       89       -126    2.7470 0.0250
Pendulum-v0                   800613187  kalman   0.5    0     0.2       90       -237    2.5532 0.0400
Pendulum-v0                   800613187  kalman   0.5    0     0.2       91       0       2.6720 0.0400
Pendulum-v0                   800613187  kalman   0.5    0     0.2       92       -253    2.5885 0.0150
Pendulum-v0                   800613187  kalman   0.5    0     0.2       93       -128    2.5750 0.0100
Pendulum-v0                   800613187  kalman   0.5    0     0.2       94       -126    2.6276 0.0200
Pendulum-v0                   800613187  kalman   0.5    0     0.2       95       -250    2.4371 0.0100
Pendulum-v0                   800613187  kalman   0.5    0     0.2       96       -243    2.3385 0.0000
Pendulum-v0                   800613187  kalman   0.5    0     0.2       97       -357    2.6092 0.0100
Pendulum-v0                   800613187  kalman   0.5    0     0.2       98       -120    2.7288 0.0000
Pendulum-v0                   999459999  kalman   0.5    0     0.2       0        -617    2.6555 0.2350
Pendulum-v0                   999459999  kalman   0.5    0     0.2       1        -1160   2.9822 0.2500
Pendulum-v0                   999459999  kalman   0.5    0     0.2       2        -881    2.9625 0.2500
Pendulum-v0                   999459999  kalman   0.5    0     0.2       3        -1694   2.9697 0.2200
Pendulum-v0                   999459999  kalman   0.5    0     0.2       4        -1505   2.9844 0.2850
Pendulum-v0                   999459999  kalman   0.5    0     0.2       5        -1662   2.9868 0.2100
Pendulum-v0                   999459999  kalman   0.5    0     0.2       6        -1560   2.8323 0.2550
Pendulum-v0                   999459999  kalman   0.5    0     0.2       7        -1406   2.0237 0.1250
Pendulum-v0                   999459999  kalman   0.5    0     0.2       8        -1498   1.7028 0.1350
Pendulum-v0                   999459999  kalman   0.5    0     0.2       9        -1482   1.6422 0.1650
Pendulum-v0                   999459999  kalman   0.5    0     0.2       10       -1354   1.5144 0.1550
Pendulum-v0                   999459999  kalman   0.5    0     0.2       11       -1398   1.5217 0.1500
Pendulum-v0                   999459999  kalman   0.5    0     0.2       12       -1309   1.5346 0.1500
Pendulum-v0                   999459999  kalman   0.5    0     0.2       13       -1395   1.3192 0.1400
Pendulum-v0                   999459999  kalman   0.5    0     0.2       14       -1182   1.1724 0.1050
Pendulum-v0                   999459999  kalman   0.5    0     0.2       15       -528    2.0082 0.0650
Pendulum-v0                   999459999  kalman   0.5    0     0.2       16       -1312   1.0676 0.1400
Pendulum-v0                   999459999  kalman   0.5    0     0.2       17       -1386   1.2278 0.1500
Pendulum-v0                   999459999  kalman   0.5    0     0.2       18       -797    1.3383 0.1150
Pendulum-v0                   999459999  kalman   0.5    0     0.2       19       -133    2.6349 0.1450
Pendulum-v0                   999459999  kalman   0.5    0     0.2       20       -263    2.3845 0.1750
Pendulum-v0                   999459999  kalman   0.5    0     0.2       21       -653    1.8200 0.1000
Pendulum-v0                   999459999  kalman   0.5    0     0.2       22       -1485   1.0437 0.1300
Pendulum-v0                   999459999  kalman   0.5    0     0.2       23       -262    2.4385 0.1100
Pendulum-v0                   999459999  kalman   0.5    0     0.2       24       -394    2.4618 0.0300
Pendulum-v0                   999459999  kalman   0.5    0     0.2       25       -125    2.8518 0.0150
Pendulum-v0                   999459999  kalman   0.5    0     0.2       26       -409    2.4728 0.0650
Pendulum-v0                   999459999  kalman   0.5    0     0.2       27       -339    2.5006 0.0250
Pendulum-v0                   999459999  kalman   0.5    0     0.2       28       -124    2.8497 0.0850
Pendulum-v0                   999459999  kalman   0.5    0     0.2       29       -282    2.3786 0.0100
Pendulum-v0                   999459999  kalman   0.5    0     0.2       30       -132    2.3710 0.0150
Pendulum-v0                   999459999  kalman   0.5    0     0.2       31       -512    2.1545 0.0900
Pendulum-v0                   999459999  kalman   0.5    0     0.2       32       -384    2.2450 0.0250
Pendulum-v0                   999459999  kalman   0.5    0     0.2       33       -116    2.5571 0.0200
Pendulum-v0                   999459999  kalman   0.5    0     0.2       34       -121    2.6650 0.0200
Pendulum-v0                   999459999  kalman   0.5    0     0.2       35       -129    2.6024 0.0100
Pendulum-v0                   999459999  kalman   0.5    0     0.2       36       -481    2.1692 0.0500
Pendulum-v0                   999459999  kalman   0.5    0     0.2       37       -507    2.1143 0.0900
Pendulum-v0                   999459999  kalman   0.5    0     0.2       38       -485    2.2027 0.0600
Pendulum-v0                   999459999  kalman   0.5    0     0.2       39       -385    2.1034 0.0800
Pendulum-v0                   999459999  kalman   0.5    0     0.2       40       -500    1.9731 0.0650
Pendulum-v0                   999459999  kalman   0.5    0     0.2       41       -381    1.8608 0.0450
Pendulum-v0                   999459999  kalman   0.5    0     0.2       42       -624    1.7983 0.0650
Pendulum-v0                   999459999  kalman   0.5    0     0.2       43       -373    2.1127 0.0650
Pendulum-v0                   999459999  kalman   0.5    0     0.2       44       -514    2.0402 0.0750
Pendulum-v0                   999459999  kalman   0.5    0     0.2       45       -379    2.0021 0.0850
Pendulum-v0                   999459999  kalman   0.5    0     0.2       46       -126    2.6206 0.1100
Pendulum-v0                   999459999  kalman   0.5    0     0.2       47       -248    2.4251 0.1100
Pendulum-v0                   999459999  kalman   0.5    0     0.2       48       -121    2.5331 0.1550
Pendulum-v0                   999459999  kalman   0.5    0     0.2       49       -239    2.4106 0.1300
Pendulum-v0                   999459999  kalman   0.5    0     0.2       50       -127    2.2979 0.1500
Pendulum-v0                   999459999  kalman   0.5    0     0.2       51       -129    2.4588 0.1250
Pendulum-v0                   999459999  kalman   0.5    0     0.2       52       -120    2.3284 0.1150
Pendulum-v0                   999459999  kalman   0.5    0     0.2       53       -119    2.4945 0.0700
Pendulum-v0                   999459999  kalman   0.5    0     0.2       54       -128    2.4396 0.1150
Pendulum-v0                   999459999  kalman   0.5    0     0.2       55       -369    2.1672 0.0700
Pendulum-v0                   999459999  kalman   0.5    0     0.2       56       -125    2.2717 0.0950
Pendulum-v0                   999459999  kalman   0.5    0     0.2       57       -122    2.4996 0.0900
Pendulum-v0                   999459999  kalman   0.5    0     0.2       58       -364    2.2820 0.0600
Pendulum-v0                   999459999  kalman   0.5    0     0.2       59       -227    2.3303 0.0950
Pendulum-v0                   999459999  kalman   0.5    0     0.2       60       -123    2.6243 0.1250
Pendulum-v0                   999459999  kalman   0.5    0     0.2       61       -314    2.5345 0.0650
Pendulum-v0                   999459999  kalman   0.5    0     0.2       62       -116    2.9238 0.0250
Pendulum-v0                   999459999  kalman   0.5    0     0.2       63       -121    2.9289 0.0050
Pendulum-v0                   999459999  kalman   0.5    0     0.2       64       -117    2.8422 0.0250
Pendulum-v0                   999459999  kalman   0.5    0     0.2       65       -353    2.1521 0.0350
Pendulum-v0                   999459999  kalman   0.5    0     0.2       66       -593    2.0998 0.0300
Pendulum-v0                   999459999  kalman   0.5    0     0.2       67       -246    2.4478 0.0700
Pendulum-v0                   999459999  kalman   0.5    0     0.2       68       -496    2.0189 0.0300
Pendulum-v0                   999459999  kalman   0.5    0     0.2       69       -350    2.5999 0.0150
Pendulum-v0                   999459999  kalman   0.5    0     0.2       70       -242    2.5943 0.0150
Pendulum-v0                   999459999  kalman   0.5    0     0.2       71       0       2.9856 0.0000
Pendulum-v0                   999459999  kalman   0.5    0     0.2       72       -120    2.8635 0.0400
Pendulum-v0                   999459999  kalman   0.5    0     0.2       73       -2      2.8189 0.0150
Pendulum-v0                   999459999  kalman   0.5    0     0.2       74       -242    2.6151 0.0750
Pendulum-v0                   999459999  kalman   0.5    0     0.2       75       -247    2.7481 0.0000
Pendulum-v0                   999459999  kalman   0.5    0     0.2       76       -124    2.8727 0.0100
Pendulum-v0                   999459999  kalman   0.5    0     0.2       77       -125    2.8006 0.0450
Pendulum-v0                   999459999  kalman   0.5    0     0.2       78       -244    2.6533 0.0150
Pendulum-v0                   999459999  kalman   0.5    0     0.2       79       -116    2.7487 0.0350
Pendulum-v0                   999459999  kalman   0.5    0     0.2       80       -497    1.8505 0.0300
Pendulum-v0                   999459999  kalman   0.5    0     0.2       81       -237    2.7341 0.0250
Pendulum-v0                   999459999  kalman   0.5    0     0.2       82       -123    2.6084 0.0350
Pendulum-v0                   999459999  kalman   0.5    0     0.2       83       -246    2.4713 0.0550
Pendulum-v0                   999459999  kalman   0.5    0     0.2       84       -240    2.5273 0.0200
Pendulum-v0                   999459999  kalman   0.5    0     0.2       85       -122    2.5761 0.0350
Pendulum-v0                   999459999  kalman   0.5    0     0.2       86       -233    2.2893 0.0200
Pendulum-v0                   999459999  kalman   0.5    0     0.2       87       -129    2.3273 0.0200
Pendulum-v0                   999459999  kalman   0.5    0     0.2       88       -244    2.4186 0.0250
Pendulum-v0                   999459999  kalman   0.5    0     0.2       89       -126    2.4815 0.0200
Pendulum-v0                   999459999  kalman   0.5    0     0.2       90       -2      2.3158 0.0300
Pendulum-v0                   999459999  kalman   0.5    0     0.2       91       -120    2.6950 0.0200
Pendulum-v0                   999459999  kalman   0.5    0     0.2       92       -125    2.4742 0.0050
Pendulum-v0                   999459999  kalman   0.5    0     0.2       93       -117    2.5774 0.0200
Pendulum-v0                   999459999  kalman   0.5    0     0.2       94       -125    2.4528 0.0150
Pendulum-v0                   999459999  kalman   0.5    0     0.2       95       -369    2.2006 0.0250
Pendulum-v0                   999459999  kalman   0.5    0     0.2       96       -1      2.3639 0.0100
Pendulum-v0                   999459999  kalman   0.5    0     0.2       97       -122    2.4410 0.0100
Pendulum-v0                   999459999  kalman   0.5    0     0.2       98       -234    2.3188 0.0150
